{"original": {"train_count": 313194, "train_sign_accuracy": 0.48521044464453345, "train_correlation": -0.018706133005630843, "train_mse": 154.38564044792477, "test_count": 208796, "test_sign_accuracy": 0.48312228203605434, "test_correlation": -0.02281362901425729, "test_mse": 73.27793571949228}, "more_layers": {"train_count": 313194, "train_sign_accuracy": 0.48502525591167134, "train_correlation": -0.018692731993850173, "train_mse": 154.25972570150435, "test_count": 208796, "test_sign_accuracy": 0.48341443322669014, "test_correlation": -0.022337440408333614, "test_mse": 73.20712283232409}, "less_features": {"train_count": 313194, "train_sign_accuracy": 0.48531581064771356, "train_correlation": -0.011326663407401438, "train_mse": 153.87229279263633, "test_count": 208796, "test_sign_accuracy": 0.48502844882085866, "test_correlation": -0.014261640197373663, "test_mse": 73.04593304710603}, "more_features": {"train_count": 313194, "train_sign_accuracy": 0.48616193158234194, "train_correlation": -0.012899366194337793, "train_mse": 153.86096928798017, "test_count": 208796, "test_sign_accuracy": 0.4859815322132608, "test_correlation": -0.02053704469578571, "test_mse": 72.96190153963343}, "5_minutes": {"train_count": 313191, "train_sign_accuracy": 0.4704924471009703, "train_correlation": -0.03134748502972205, "train_mse": 749.3216192515447, "test_count": 208795, "test_sign_accuracy": 0.4650207140975598, "test_correlation": -0.0441046060215833, "test_mse": 357.28503076502625}, "10_minutes": {"train_count": 313188, "train_sign_accuracy": 0.4643792227032964, "train_correlation": -0.03155198226958926, "train_mse": 1445.313538175173, "test_count": 208793, "test_sign_accuracy": 0.45838222545775004, "test_correlation": -0.05082895177345353, "test_mse": 692.10038768219}, "linear_learner": {"train_count": 313188, "train_sign_accuracy": 0.5187491219331519, "train_correlation": 0.04027261530592181, "train_mse": 1405.24240652115, "test_count": 208793, "test_sign_accuracy": 0.516956986105856, "test_correlation": 0.05940586862820057, "test_mse": 660.1010453027483}}